[{"id":135240,"Name":"Abbateggio","state_id":1679,"state_code":"65","state_name":"Abruzzo","country_id":107,"country_code":"IT","country_name":"Italy","latitude":"42.22421000","longitude":"14.01001000","wikiDataId":"Q335596"},{"id":135250,"Name":"Acciano","state_id":1679,"state_code":"65","state_name":"Abruzzo","country_id":107,"country_code":"IT","country_name":"Italy","latitude":"42.17677000","longitude":"13.71783000","wikiDataId":"Q3321966"},{"id":135325,"Name":"Aielli","state_id":1679,"state_code":"65","state_name":"Abruzzo","country_id":107,"country_code":"IT","country_name":"Italy","latitude":"42.08146000","longitude":"13.59113000","wikiDataId":"Q16112"},{"id":135342,"Name":"Alanno","state_id":1679,"state_code":"65","state_name":"Abruzzo","country_id":107,"country_code":"IT","country_name":"Italy","latitude":"42.29552000","longitude":"13.97084000","wikiDataId":"Q18441902"},{"id":135347,"Name":"Alba Adriatica","state_id":1679,"state_code":"65","state_name":"Abruzzo","country_id":107,"country_code":"IT","country_name":"Italy","latitude":"42.83176000","longitude":"13.92590000","wikiDataId":"Q18441902"},{"id":135400,"Name":"Alfedena","state_id":1679,"state_code":"65","state_name":"Abruzzo","country_id":107,"country_code":"IT","country_name":"Italy","latitude":"41.73545000","longitude":"14.03500000","wikiDataId":"Q18454404"},{"id":135440,"Name":"Altino","state_id":1679,"state_code":"65","state_name":"Abruzzo","country_id":107,"country_code":"IT","country_name":"Italy","latitude":"42.09954000","longitude":"14.33267000","wikiDataId":"Q3613147"},{"id":135477,"Name":"Ancarano","state_id":1679,"state_code":"65","state_name":"Abruzzo","country_id":107,"country_code":"IT","country_name":"Italy","latitude":"42.83767000","longitude":"13.74662000","wikiDataId":"Q18436866"},{"id":135523,"Name":"Anversa degli Abruzzi","state_id":1679,"state_code":"65","state_name":"Abruzzo","country_id":107,"country_code":"IT","country_name":"Italy","latitude":"41.99478000","longitude":"13.80379000","wikiDataId":"Q18445825"},{"id":135565,"Name":"Archi","state_id":1679,"state_code":"65","state_name":"Abruzzo","country_id":107,"country_code":"IT","country_name":"Italy","latitude":"42.09135000","longitude":"14.38270000","wikiDataId":"Q18446355"},{"id":135597,"Name":"Ari","state_id":1679,"state_code":"65","state_name":"Abruzzo","country_id":107,"country_code":"IT","country_name":"Italy","latitude":"42.28967000","longitude":"14.25856000","wikiDataId":"Q18454415"},{"id":135602,"Name":"Arielli","state_id":1679,"state_code":"65","state_name":"Abruzzo","country_id":107,"country_code":"IT","country_name":"Italy","latitude":"42.26003000","longitude":"14.31004000","wikiDataId":"Q18437163"},{"id":135638,"Name":"Arsita","state_id":1679,"state_code":"65","state_name":"Abruzzo","country_id":107,"country_code":"IT","country_name":"Italy","latitude":"42.50266000","longitude":"13.78516000","wikiDataId":"Q18436874"},{"id":135672,"Name":"Ateleta","state_id":1679,"state_code":"65","state_name":"Abruzzo","country_id":107,"country_code":"IT","country_name":"Italy","latitude":"41.85435000","longitude":"14.19806000","wikiDataId":"Q3625263"},{"id":135675,"Name":"Atessa","state_id":1679,"state_code":"65","state_name":"Abruzzo","country_id":107,"country_code":"IT","country_name":"Italy","latitude":"42.07018000","longitude":"14.45049000","wikiDataId":"Q3625263"},{"id":135679,"Name":"Atri","state_id":1679,"state_code":"65","state_name":"Abruzzo","country_id":107,"country_code":"IT","country_name":"Italy","latitude":"42.57642000","longitude":"13.98899000","wikiDataId":"Q18452704"},{"id":135704,"Name":"Avezzano","state_id":1679,"state_code":"65","state_name":"Abruzzo","country_id":107,"country_code":"IT","country_name":"Italy","latitude":"42.02896000","longitude":"13.42641000","wikiDataId":"Q18328180"},{"id":135795,"Name":"Balsorano","state_id":1679,"state_code":"65","state_name":"Abruzzo","country_id":107,"country_code":"IT","country_name":"Italy","latitude":"41.80982000","longitude":"13.55980000","wikiDataId":"Q2066536"},{"id":135796,"Name":"Balsorano Nuovo","state_id":1679,"state_code":"65","state_name":"Abruzzo","country_id":107,"country_code":"IT","country_name":"Italy","latitude":"41.80881000","longitude":"13.56069000","wikiDataId":"Q18426402"},{"id":135826,"Name":"Barberi","state_id":1679,"state_code":"65","state_name":"Abruzzo","country_id":107,"country_code":"IT","country_name":"Italy","latitude":"42.44072000","longitude":"14.04268000","wikiDataId":"Q18427151"},{"id":135847,"Name":"Barete","state_id":1679,"state_code":"65","state_name":"Abruzzo","country_id":107,"country_code":"IT","country_name":"Italy","latitude":"42.45009000","longitude":"13.28061000","wikiDataId":"Q3634893"},{"id":135858,"Name":"Barisciano","state_id":1679,"state_code":"65","state_name":"Abruzzo","country_id":107,"country_code":"IT","country_name":"Italy","latitude":"42.32465000","longitude":"13.59036000","wikiDataId":"Q18241854"},{"id":135870,"Name":"Barrea","state_id":1679,"state_code":"65","state_name":"Abruzzo","country_id":107,"country_code":"IT","country_name":"Italy","latitude":"41.75543000","longitude":"13.99095000","wikiDataId":"Q808771"},{"id":135881,"Name":"Basciano","state_id":1679,"state_code":"65","state_name":"Abruzzo","country_id":107,"country_code":"IT","country_name":"Italy","latitude":"42.59639000","longitude":"13.73561000","wikiDataId":"Q3635515"},{"id":135938,"Name":"Bellante","state_id":1679,"state_code":"65","state_name":"Abruzzo","country_id":107,"country_code":"IT","country_name":"Italy","latitude":"42.74421000","longitude":"13.80234000","wikiDataId":"Q18453643"},{"id":135939,"Name":"Bellante Stazione","state_id":1679,"state_code":"65","state_name":"Abruzzo","country_id":107,"country_code":"IT","country_name":"Italy","latitude":"42.70650000","longitude":"13.83953000","wikiDataId":"Q2440627"},{"id":136062,"Name":"Bisegna","state_id":1679,"state_code":"65","state_name":"Abruzzo","country_id":107,"country_code":"IT","country_name":"Italy","latitude":"41.92113000","longitude":"13.75760000","wikiDataId":"Q18434573"},{"id":136063,"Name":"Bisenti","state_id":1679,"state_code":"65","state_name":"Abruzzo","country_id":107,"country_code":"IT","country_name":"Italy","latitude":"42.52883000","longitude":"13.79950000","wikiDataId":"Q18434573"},{"id":136108,"Name":"Bolognano","state_id":1679,"state_code":"65","state_name":"Abruzzo","country_id":107,"country_code":"IT","country_name":"Italy","latitude":"42.21814000","longitude":"13.96011000","wikiDataId":"Q18288145"},{"id":136119,"Name":"Bomba","state_id":1679,"state_code":"65","state_name":"Abruzzo","country_id":107,"country_code":"IT","country_name":"Italy","latitude":"42.03343000","longitude":"14.36656000","wikiDataId":"Q15124"},{"id":136189,"Name":"Borgo Santa Maria Immacolata","state_id":1679,"state_code":"65","state_name":"Abruzzo","country_id":107,"country_code":"IT","country_name":"Italy","latitude":"42.61172000","longitude":"14.04553000","wikiDataId":"Q18427785"},{"id":136227,"Name":"Borrello","state_id":1679,"state_code":"65","state_name":"Abruzzo","country_id":107,"country_code":"IT","country_name":"Italy","latitude":"41.91730000","longitude":"14.30535000","wikiDataId":"Q3642684"},{"id":136343,"Name":"Brittoli","state_id":1679,"state_code":"65","state_name":"Abruzzo","country_id":107,"country_code":"IT","country_name":"Italy","latitude":"42.31518000","longitude":"13.86026000","wikiDataId":"Q18505077"},{"id":136385,"Name":"Bucchianico","state_id":1679,"state_code":"65","state_name":"Abruzzo","country_id":107,"country_code":"IT","country_name":"Italy","latitude":"42.30368000","longitude":"14.18377000","wikiDataId":"Q18438069"},{"id":136397,"Name":"Bugnara","state_id":1679,"state_code":"65","state_name":"Abruzzo","country_id":107,"country_code":"IT","country_name":"Italy","latitude":"42.02383000","longitude":"13.86141000","wikiDataId":"Q18472764"},{"id":136430,"Name":"Bussi sul Tirino","state_id":1679,"state_code":"65","state_name":"Abruzzo","country_id":107,"country_code":"IT","country_name":"Italy","latitude":"42.21321000","longitude":"13.82511000","wikiDataId":"Q12360475"},{"id":136470,"Name":"Cagnano Amiterno","state_id":1679,"state_code":"65","state_name":"Abruzzo","country_id":107,"country_code":"IT","country_name":"Italy","latitude":"42.45744000","longitude":"13.22789000","wikiDataId":"Q3649521"},{"id":136494,"Name":"Calascio","state_id":1679,"state_code":"65","state_name":"Abruzzo","country_id":107,"country_code":"IT","country_name":"Italy","latitude":"42.32595000","longitude":"13.69699000","wikiDataId":"Q18426488"},{"id":136625,"Name":"Campli","state_id":1679,"state_code":"65","state_name":"Abruzzo","country_id":107,"country_code":"IT","country_name":"Italy","latitude":"42.72679000","longitude":"13.68692000","wikiDataId":"Q18490086"},{"id":136635,"Name":"Campo di Giove","state_id":1679,"state_code":"65","state_name":"Abruzzo","country_id":107,"country_code":"IT","country_name":"Italy","latitude":"42.01013000","longitude":"14.03941000","wikiDataId":"Q18453665"},{"id":136683,"Name":"Campotosto","state_id":1679,"state_code":"65","state_name":"Abruzzo","country_id":107,"country_code":"IT","country_name":"Italy","latitude":"42.55884000","longitude":"13.36799000","wikiDataId":"Q37672"},{"id":136716,"Name":"Canistro Inferiore","state_id":1679,"state_code":"65","state_name":"Abruzzo","country_id":107,"country_code":"IT","country_name":"Italy","latitude":"41.94101000","longitude":"13.41194000","wikiDataId":"Q18426515"},{"id":136731,"Name":"Canosa Sannita","state_id":1679,"state_code":"65","state_name":"Abruzzo","country_id":107,"country_code":"IT","country_name":"Italy","latitude":"42.29629000","longitude":"14.30514000","wikiDataId":"Q3655514"},{"id":136736,"Name":"Cansano","state_id":1679,"state_code":"65","state_name":"Abruzzo","country_id":107,"country_code":"IT","country_name":"Italy","latitude":"42.00350000","longitude":"14.01341000","wikiDataId":"Q18506036"},{"id":136752,"Name":"Canzano","state_id":1679,"state_code":"65","state_name":"Abruzzo","country_id":107,"country_code":"IT","country_name":"Italy","latitude":"42.64564000","longitude":"13.80410000","wikiDataId":"Q18429629"},{"id":136765,"Name":"Capestrano","state_id":1679,"state_code":"65","state_name":"Abruzzo","country_id":107,"country_code":"IT","country_name":"Italy","latitude":"42.26807000","longitude":"13.76779000","wikiDataId":"Q3677266"},{"id":136771,"Name":"Capistrello","state_id":1679,"state_code":"65","state_name":"Abruzzo","country_id":107,"country_code":"IT","country_name":"Italy","latitude":"41.97223000","longitude":"13.39616000","wikiDataId":"Q18447263"},{"id":136774,"Name":"Capitignano","state_id":1679,"state_code":"65","state_name":"Abruzzo","country_id":107,"country_code":"IT","country_name":"Italy","latitude":"42.52041000","longitude":"13.30122000","wikiDataId":"Q18504209"},{"id":136786,"Name":"Caporciano","state_id":1679,"state_code":"65","state_name":"Abruzzo","country_id":107,"country_code":"IT","country_name":"Italy","latitude":"42.25001000","longitude":"13.67455000","wikiDataId":"Q18496863"},{"id":136790,"Name":"Cappadocia","state_id":1679,"state_code":"65","state_name":"Abruzzo","country_id":107,"country_code":"IT","country_name":"Italy","latitude":"42.00755000","longitude":"13.27806000","wikiDataId":"Q18426527"},{"id":136794,"Name":"Cappelle sul Tavo","state_id":1679,"state_code":"65","state_name":"Abruzzo","country_id":107,"country_code":"IT","country_name":"Italy","latitude":"42.47709000","longitude":"14.10735000","wikiDataId":"Q18426527"},{"id":136831,"Name":"Caramanico Terme","state_id":1679,"state_code":"65","state_name":"Abruzzo","country_id":107,"country_code":"IT","country_name":"Italy","latitude":"42.15593000","longitude":"14.00480000","wikiDataId":"Q18509327"},{"id":136835,"Name":"Carapelle Calvisio","state_id":1679,"state_code":"65","state_name":"Abruzzo","country_id":107,"country_code":"IT","country_name":"Italy","latitude":"42.29908000","longitude":"13.68643000","wikiDataId":"Q583609"},{"id":136920,"Name":"Carpineto della Nora","state_id":1679,"state_code":"65","state_name":"Abruzzo","country_id":107,"country_code":"IT","country_name":"Italy","latitude":"42.33365000","longitude":"13.86062000","wikiDataId":"Q3660665"},{"id":136919,"Name":"Carpineto Sinello","state_id":1679,"state_code":"65","state_name":"Abruzzo","country_id":107,"country_code":"IT","country_name":"Italy","latitude":"42.01044000","longitude":"14.50418000","wikiDataId":"Q3660665"},{"id":136936,"Name":"Carsoli","state_id":1679,"state_code":"65","state_name":"Abruzzo","country_id":107,"country_code":"IT","country_name":"Italy","latitude":"42.09882000","longitude":"13.08856000","wikiDataId":"Q18461230"},{"id":136945,"Name":"Carunchio","state_id":1679,"state_code":"65","state_name":"Abruzzo","country_id":107,"country_code":"IT","country_name":"Italy","latitude":"41.91761000","longitude":"14.52683000","wikiDataId":"Q18452794"},{"id":136954,"Name":"Casacanditella","state_id":1679,"state_code":"65","state_name":"Abruzzo","country_id":107,"country_code":"IT","country_name":"Italy","latitude":"42.24643000","longitude":"14.20040000","wikiDataId":"Q18492356"},{"id":136961,"Name":"Casalanguida","state_id":1679,"state_code":"65","state_name":"Abruzzo","country_id":107,"country_code":"IT","country_name":"Italy","latitude":"42.03752000","longitude":"14.49613000","wikiDataId":"Q3661381"},{"id":136965,"Name":"Casalbordino-Miracoli","state_id":1679,"state_code":"65","state_name":"Abruzzo","country_id":107,"country_code":"IT","country_name":"Italy","latitude":"42.15354000","longitude":"14.59912000","wikiDataId":"Q18423990"},{"id":136995,"Name":"Casalincontrada","state_id":1679,"state_code":"65","state_name":"Abruzzo","country_id":107,"country_code":"IT","country_name":"Italy","latitude":"42.29744000","longitude":"14.13511000","wikiDataId":"Q18437266"},{"id":137083,"Name":"Casoli","state_id":1679,"state_code":"65","state_name":"Abruzzo","country_id":107,"country_code":"IT","country_name":"Italy","latitude":"42.61723000","longitude":"13.97910000","wikiDataId":"Q18427985"},{"id":137133,"Name":"Castel Castagna","state_id":1679,"state_code":"65","state_name":"Abruzzo","country_id":107,"country_code":"IT","country_name":"Italy","latitude":"42.54294000","longitude":"13.71640000","wikiDataId":"Q2580352"},{"id":137165,"Name":"Castel del Monte","state_id":1679,"state_code":"65","state_name":"Abruzzo","country_id":107,"country_code":"IT","country_name":"Italy","latitude":"42.36544000","longitude":"13.72592000","wikiDataId":"Q18454463"},{"id":137169,"Name":"Castel di Ieri","state_id":1679,"state_code":"65","state_name":"Abruzzo","country_id":107,"country_code":"IT","country_name":"Italy","latitude":"42.11353000","longitude":"13.74200000","wikiDataId":"Q18454463"},{"id":137173,"Name":"Castel di Sangro","state_id":1679,"state_code":"65","state_name":"Abruzzo","country_id":107,"country_code":"IT","country_name":"Italy","latitude":"41.78392000","longitude":"14.10653000","wikiDataId":"Q18461236"},{"id":137136,"Name":"Castel Frentano","state_id":1679,"state_code":"65","state_name":"Abruzzo","country_id":107,"country_code":"IT","country_name":"Italy","latitude":"42.19875000","longitude":"14.35643000","wikiDataId":"Q18454463"},{"id":137205,"Name":"Castelguidone","state_id":1679,"state_code":"65","state_name":"Abruzzo","country_id":107,"country_code":"IT","country_name":"Italy","latitude":"41.82258000","longitude":"14.52286000","wikiDataId":"Q52072"},{"id":137210,"Name":"Castellafiume","state_id":1679,"state_code":"65","state_name":"Abruzzo","country_id":107,"country_code":"IT","country_name":"Italy","latitude":"41.98913000","longitude":"13.33440000","wikiDataId":"Q18426594"},{"id":137211,"Name":"Castellalto","state_id":1679,"state_code":"65","state_name":"Abruzzo","country_id":107,"country_code":"IT","country_name":"Italy","latitude":"42.67705000","longitude":"13.82101000","wikiDataId":"Q18426594"},{"id":137242,"Name":"Castelli","state_id":1679,"state_code":"65","state_name":"Abruzzo","country_id":107,"country_code":"IT","country_name":"Italy","latitude":"42.48476000","longitude":"13.71201000","wikiDataId":"Q18492603"},{"id":137295,"Name":"Castelnuovo Vomano","state_id":1679,"state_code":"65","state_name":"Abruzzo","country_id":107,"country_code":"IT","country_name":"Italy","latitude":"42.62933000","longitude":"13.85003000","wikiDataId":"Q18428008"},{"id":137321,"Name":"Castelvecchio Calvisio","state_id":1679,"state_code":"65","state_name":"Abruzzo","country_id":107,"country_code":"IT","country_name":"Italy","latitude":"42.31134000","longitude":"13.68720000","wikiDataId":"Q2163325"},{"id":137322,"Name":"Castelvecchio Subequo","state_id":1679,"state_code":"65","state_name":"Abruzzo","country_id":107,"country_code":"IT","country_name":"Italy","latitude":"42.12881000","longitude":"13.72868000","wikiDataId":"Q2163325"},{"id":137347,"Name":"Castiglione a Casauria","state_id":1679,"state_code":"65","state_name":"Abruzzo","country_id":107,"country_code":"IT","country_name":"Italy","latitude":"42.23601000","longitude":"13.89832000","wikiDataId":"Q18457021"},{"id":137342,"Name":"Castiglione Messer Marino","state_id":1679,"state_code":"65","state_name":"Abruzzo","country_id":107,"country_code":"IT","country_name":"Italy","latitude":"41.86833000","longitude":"14.44996000","wikiDataId":"Q18457021"},{"id":137343,"Name":"Castiglione Messer Raimondo","state_id":1679,"state_code":"65","state_name":"Abruzzo","country_id":107,"country_code":"IT","country_name":"Italy","latitude":"42.53194000","longitude":"13.87953000","wikiDataId":"Q18457021"},{"id":137360,"Name":"Castilenti","state_id":1679,"state_code":"65","state_name":"Abruzzo","country_id":107,"country_code":"IT","country_name":"Italy","latitude":"42.53334000","longitude":"13.91710000","wikiDataId":"Q18457021"},{"id":137395,"Name":"Catignano","state_id":1679,"state_code":"65","state_name":"Abruzzo","country_id":107,"country_code":"IT","country_name":"Italy","latitude":"42.34697000","longitude":"13.95190000","wikiDataId":"Q18490788"},{"id":137462,"Name":"Celano","state_id":1679,"state_code":"65","state_name":"Abruzzo","country_id":107,"country_code":"IT","country_name":"Italy","latitude":"42.08077000","longitude":"13.51700000","wikiDataId":"Q18473176"},{"id":137465,"Name":"Celenza sul Trigno","state_id":1679,"state_code":"65","state_name":"Abruzzo","country_id":107,"country_code":"IT","country_name":"Italy","latitude":"41.87198000","longitude":"14.57893000","wikiDataId":"Q18496305"},{"id":137479,"Name":"Cellino Attanasio","state_id":1679,"state_code":"65","state_name":"Abruzzo","country_id":107,"country_code":"IT","country_name":"Italy","latitude":"42.58574000","longitude":"13.86050000","wikiDataId":"Q18496305"},{"id":137505,"Name":"Cepagatti","state_id":1679,"state_code":"65","state_name":"Abruzzo","country_id":107,"country_code":"IT","country_name":"Italy","latitude":"42.36506000","longitude":"14.07424000","wikiDataId":"Q18437307"},{"id":137525,"Name":"Cerchio","state_id":1679,"state_code":"65","state_name":"Abruzzo","country_id":107,"country_code":"IT","country_name":"Italy","latitude":"42.06357000","longitude":"13.60006000","wikiDataId":"Q18492542"},{"id":137555,"Name":"Cermignano","state_id":1679,"state_code":"65","state_name":"Abruzzo","country_id":107,"country_code":"IT","country_name":"Italy","latitude":"42.59131000","longitude":"13.79540000","wikiDataId":"Q3665121"},{"id":137560,"Name":"Cerratina","state_id":1679,"state_code":"65","state_name":"Abruzzo","country_id":107,"country_code":"IT","country_name":"Italy","latitude":"42.39007000","longitude":"14.10338000","wikiDataId":"Q18427252"},{"id":137672,"Name":"Chieti","state_id":1679,"state_code":"65","state_name":"Abruzzo","country_id":107,"country_code":"IT","country_name":"Italy","latitude":"42.34827000","longitude":"14.16494000","wikiDataId":"Q18490144"},{"id":137772,"Name":"Città Sant'Angelo","state_id":1679,"state_code":"65","state_name":"Abruzzo","country_id":107,"country_code":"IT","country_name":"Italy","latitude":"42.51254000","longitude":"14.06203000","wikiDataId":"Q590156"},{"id":137787,"Name":"Civita d'Antino","state_id":1679,"state_code":"65","state_name":"Abruzzo","country_id":107,"country_code":"IT","country_name":"Italy","latitude":"41.88629000","longitude":"13.47215000","wikiDataId":"Q3678754"},{"id":137789,"Name":"Civitaluparella","state_id":1679,"state_code":"65","state_name":"Abruzzo","country_id":107,"country_code":"IT","country_name":"Italy","latitude":"41.94490000","longitude":"14.30135000","wikiDataId":"Q3678754"},{"id":137793,"Name":"Civitaquana","state_id":1679,"state_code":"65","state_name":"Abruzzo","country_id":107,"country_code":"IT","country_name":"Italy","latitude":"42.32578000","longitude":"13.90012000","wikiDataId":"Q18497192"},{"id":137795,"Name":"Civitella Alfedena","state_id":1679,"state_code":"65","state_name":"Abruzzo","country_id":107,"country_code":"IT","country_name":"Italy","latitude":"41.76533000","longitude":"13.94271000","wikiDataId":"Q18497192"},{"id":137796,"Name":"Civitella Casanova","state_id":1679,"state_code":"65","state_name":"Abruzzo","country_id":107,"country_code":"IT","country_name":"Italy","latitude":"42.36391000","longitude":"13.88514000","wikiDataId":"Q18497192"},{"id":137802,"Name":"Civitella del Tronto","state_id":1679,"state_code":"65","state_name":"Abruzzo","country_id":107,"country_code":"IT","country_name":"Italy","latitude":"42.77298000","longitude":"13.67626000","wikiDataId":"Q2333099"},{"id":137798,"Name":"Civitella Messer Raimondo","state_id":1679,"state_code":"65","state_name":"Abruzzo","country_id":107,"country_code":"IT","country_name":"Italy","latitude":"42.08893000","longitude":"14.21701000","wikiDataId":"Q2333099"},{"id":137799,"Name":"Civitella Roveto","state_id":1679,"state_code":"65","state_name":"Abruzzo","country_id":107,"country_code":"IT","country_name":"Italy","latitude":"41.91329000","longitude":"13.42396000","wikiDataId":"Q2333099"},{"id":137826,"Name":"Cocullo","state_id":1679,"state_code":"65","state_name":"Abruzzo","country_id":107,"country_code":"IT","country_name":"Italy","latitude":"42.03283000","longitude":"13.77500000","wikiDataId":"Q18495104"},{"id":137857,"Name":"Collarmele","state_id":1679,"state_code":"65","state_name":"Abruzzo","country_id":107,"country_code":"IT","country_name":"Italy","latitude":"42.06031000","longitude":"13.62670000","wikiDataId":"Q987465"},{"id":137876,"Name":"Collecorvino","state_id":1679,"state_code":"65","state_name":"Abruzzo","country_id":107,"country_code":"IT","country_name":"Italy","latitude":"42.46024000","longitude":"14.01564000","wikiDataId":"Q18454524"},{"id":137877,"Name":"Colledara","state_id":1679,"state_code":"65","state_name":"Abruzzo","country_id":107,"country_code":"IT","country_name":"Italy","latitude":"42.53918000","longitude":"13.67556000","wikiDataId":"Q18454524"},{"id":137878,"Name":"Colledimacine","state_id":1679,"state_code":"65","state_name":"Abruzzo","country_id":107,"country_code":"IT","country_name":"Italy","latitude":"42.00370000","longitude":"14.20079000","wikiDataId":"Q18454524"},{"id":137879,"Name":"Colledimezzo","state_id":1679,"state_code":"65","state_name":"Abruzzo","country_id":107,"country_code":"IT","country_name":"Italy","latitude":"41.98606000","longitude":"14.38690000","wikiDataId":"Q18454524"},{"id":137884,"Name":"Collelongo","state_id":1679,"state_code":"65","state_name":"Abruzzo","country_id":107,"country_code":"IT","country_name":"Italy","latitude":"41.88659000","longitude":"13.58380000","wikiDataId":"Q18452957"},{"id":137889,"Name":"Collepietro","state_id":1679,"state_code":"65","state_name":"Abruzzo","country_id":107,"country_code":"IT","country_name":"Italy","latitude":"42.22089000","longitude":"13.78101000","wikiDataId":"Q1951859"},{"id":137890,"Name":"Colleranesco","state_id":1679,"state_code":"65","state_name":"Abruzzo","country_id":107,"country_code":"IT","country_name":"Italy","latitude":"42.72112000","longitude":"13.93732000","wikiDataId":"Q16542958"},{"id":137911,"Name":"Cologna Spiaggia","state_id":1679,"state_code":"65","state_name":"Abruzzo","country_id":107,"country_code":"IT","country_name":"Italy","latitude":"42.72152000","longitude":"13.98311000","wikiDataId":"Q18428153"},{"id":137923,"Name":"Colonnella","state_id":1679,"state_code":"65","state_name":"Abruzzo","country_id":107,"country_code":"IT","country_name":"Italy","latitude":"42.87230000","longitude":"13.86987000","wikiDataId":"Q18460606"},{"id":137941,"Name":"Cominio","state_id":1679,"state_code":"65","state_name":"Abruzzo","country_id":107,"country_code":"IT","country_name":"Italy","latitude":"42.31248000","longitude":"13.43250000","wikiDataId":"Q18426684"},{"id":137980,"Name":"Controguerra","state_id":1679,"state_code":"65","state_name":"Abruzzo","country_id":107,"country_code":"IT","country_name":"Italy","latitude":"42.85398000","longitude":"13.81775000","wikiDataId":"Q818317"},{"id":137989,"Name":"Coppito","state_id":1679,"state_code":"65","state_name":"Abruzzo","country_id":107,"country_code":"IT","country_name":"Italy","latitude":"42.36730000","longitude":"13.34358000","wikiDataId":"Q18426700"},{"id":138008,"Name":"Corfinio","state_id":1679,"state_code":"65","state_name":"Abruzzo","country_id":107,"country_code":"IT","country_name":"Italy","latitude":"42.12149000","longitude":"13.83940000","wikiDataId":"Q269797"},{"id":138044,"Name":"Corropoli","state_id":1679,"state_code":"65","state_name":"Abruzzo","country_id":107,"country_code":"IT","country_name":"Italy","latitude":"42.82720000","longitude":"13.83471000","wikiDataId":"Q18447769"},{"id":138069,"Name":"Cortino","state_id":1679,"state_code":"65","state_name":"Abruzzo","country_id":107,"country_code":"IT","country_name":"Italy","latitude":"42.62186000","longitude":"13.50774000","wikiDataId":"Q18488299"},{"id":138072,"Name":"Corvara","state_id":1679,"state_code":"65","state_name":"Abruzzo","country_id":107,"country_code":"IT","country_name":"Italy","latitude":"42.27511000","longitude":"13.87363000","wikiDataId":"Q3694855"},{"id":138129,"Name":"Crecchio","state_id":1679,"state_code":"65","state_name":"Abruzzo","country_id":107,"country_code":"IT","country_name":"Italy","latitude":"42.29778000","longitude":"14.32656000","wikiDataId":"Q18439141"},{"id":138163,"Name":"Crognaleto","state_id":1679,"state_code":"65","state_name":"Abruzzo","country_id":107,"country_code":"IT","country_name":"Italy","latitude":"42.58771000","longitude":"13.48890000","wikiDataId":"Q18501653"},{"id":138186,"Name":"Cugnoli","state_id":1679,"state_code":"65","state_name":"Abruzzo","country_id":107,"country_code":"IT","country_name":"Italy","latitude":"42.30692000","longitude":"13.93490000","wikiDataId":"Q18498367"},{"id":138195,"Name":"Cupello","state_id":1679,"state_code":"65","state_name":"Abruzzo","country_id":107,"country_code":"IT","country_name":"Italy","latitude":"42.06936000","longitude":"14.67054000","wikiDataId":"Q30025326"},{"id":138277,"Name":"Dogliola","state_id":1679,"state_code":"65","state_name":"Abruzzo","country_id":107,"country_code":"IT","country_name":"Italy","latitude":"41.94238000","longitude":"14.63507000","wikiDataId":"Q5287934"},{"id":138351,"Name":"Elice","state_id":1679,"state_code":"65","state_name":"Abruzzo","country_id":107,"country_code":"IT","country_name":"Italy","latitude":"42.52279000","longitude":"13.97071000","wikiDataId":"Q18503084"},{"id":138422,"Name":"Fallo","state_id":1679,"state_code":"65","state_name":"Abruzzo","country_id":107,"country_code":"IT","country_name":"Italy","latitude":"41.93833000","longitude":"14.32362000","wikiDataId":"Q18429300"},{"id":138434,"Name":"Fano Adriano","state_id":1679,"state_code":"65","state_name":"Abruzzo","country_id":107,"country_code":"IT","country_name":"Italy","latitude":"42.55230000","longitude":"13.53764000","wikiDataId":"Q18504625"},{"id":138437,"Name":"Fara Filiorum Petri","state_id":1679,"state_code":"65","state_name":"Abruzzo","country_id":107,"country_code":"IT","country_name":"Italy","latitude":"42.24152000","longitude":"14.18026000","wikiDataId":"Q2244110"},{"id":138441,"Name":"Fara San Martino","state_id":1679,"state_code":"65","state_name":"Abruzzo","country_id":107,"country_code":"IT","country_name":"Italy","latitude":"42.09248000","longitude":"14.20896000","wikiDataId":"Q2244110"},{"id":138447,"Name":"Farindola","state_id":1679,"state_code":"65","state_name":"Abruzzo","country_id":107,"country_code":"IT","country_name":"Italy","latitude":"42.44292000","longitude":"13.82137000","wikiDataId":"Q18437384"},{"id":138527,"Name":"Filetto","state_id":1679,"state_code":"65","state_name":"Abruzzo","country_id":107,"country_code":"IT","country_name":"Italy","latitude":"42.22931000","longitude":"14.24501000","wikiDataId":"Q18487562"},{"id":138607,"Name":"Fonte Umano-San Martino Alta","state_id":1679,"state_code":"65","state_name":"Abruzzo","country_id":107,"country_code":"IT","country_name":"Italy","latitude":"42.52084000","longitude":"14.10760000","wikiDataId":"Q18427354"},{"id":138609,"Name":"Fontecchio","state_id":1679,"state_code":"65","state_name":"Abruzzo","country_id":107,"country_code":"IT","country_name":"Italy","latitude":"42.23027000","longitude":"13.60613000","wikiDataId":"Q3747504"},{"id":138667,"Name":"Fossa","state_id":1679,"state_code":"65","state_name":"Abruzzo","country_id":107,"country_code":"IT","country_name":"Italy","latitude":"42.29273000","longitude":"13.48779000","wikiDataId":"Q3748429"},{"id":138669,"Name":"Fossacesia","state_id":1679,"state_code":"65","state_name":"Abruzzo","country_id":107,"country_code":"IT","country_name":"Italy","latitude":"42.24198000","longitude":"14.48339000","wikiDataId":"Q18440989"},{"id":138690,"Name":"Fraine","state_id":1679,"state_code":"65","state_name":"Abruzzo","country_id":107,"country_code":"IT","country_name":"Italy","latitude":"41.90624000","longitude":"14.48788000","wikiDataId":"Q321506"},{"id":138696,"Name":"Francavilla al Mare","state_id":1679,"state_code":"65","state_name":"Abruzzo","country_id":107,"country_code":"IT","country_name":"Italy","latitude":"42.42158000","longitude":"14.28217000","wikiDataId":"Q321506"},{"id":138730,"Name":"Fresagrandinaria","state_id":1679,"state_code":"65","state_name":"Abruzzo","country_id":107,"country_code":"IT","country_name":"Italy","latitude":"41.97900000","longitude":"14.66211000","wikiDataId":"Q1918325"},{"id":138736,"Name":"Frisa","state_id":1679,"state_code":"65","state_name":"Abruzzo","country_id":107,"country_code":"IT","country_name":"Italy","latitude":"42.26572000","longitude":"14.37625000","wikiDataId":"Q776285"},{"id":138755,"Name":"Furci","state_id":1679,"state_code":"65","state_name":"Abruzzo","country_id":107,"country_code":"IT","country_name":"Italy","latitude":"42.00746000","longitude":"14.58802000","wikiDataId":"Q3754734"},{"id":138781,"Name":"Gagliano Aterno","state_id":1679,"state_code":"65","state_name":"Abruzzo","country_id":107,"country_code":"IT","country_name":"Italy","latitude":"42.12598000","longitude":"13.70023000","wikiDataId":"Q18441004"},{"id":138832,"Name":"Gamberale","state_id":1679,"state_code":"65","state_name":"Abruzzo","country_id":107,"country_code":"IT","country_name":"Italy","latitude":"41.90529000","longitude":"14.20845000","wikiDataId":"Q2161598"},{"id":138926,"Name":"Gessopalena","state_id":1679,"state_code":"65","state_name":"Abruzzo","country_id":107,"country_code":"IT","country_name":"Italy","latitude":"42.05521000","longitude":"14.27367000","wikiDataId":"Q101135"},{"id":138970,"Name":"Gioia dei Marsi","state_id":1679,"state_code":"65","state_name":"Abruzzo","country_id":107,"country_code":"IT","country_name":"Italy","latitude":"41.95697000","longitude":"13.69057000","wikiDataId":"Q18486951"},{"id":138985,"Name":"Gissi","state_id":1679,"state_code":"65","state_name":"Abruzzo","country_id":107,"country_code":"IT","country_name":"Italy","latitude":"42.01803000","longitude":"14.54484000","wikiDataId":"Q47391"},{"id":138991,"Name":"Giuliano Teatino","state_id":1679,"state_code":"65","state_name":"Abruzzo","country_id":107,"country_code":"IT","country_name":"Italy","latitude":"42.31220000","longitude":"14.28082000","wikiDataId":"Q18453758"},{"id":138993,"Name":"Giulianova","state_id":1679,"state_code":"65","state_name":"Abruzzo","country_id":107,"country_code":"IT","country_name":"Italy","latitude":"42.75381000","longitude":"13.96650000","wikiDataId":"Q18453758"},{"id":139031,"Name":"Goriano Sicoli","state_id":1679,"state_code":"65","state_name":"Abruzzo","country_id":107,"country_code":"IT","country_name":"Italy","latitude":"42.08011000","longitude":"13.77459000","wikiDataId":"Q18501820"},{"id":139163,"Name":"Guardiagrele","state_id":1679,"state_code":"65","state_name":"Abruzzo","country_id":107,"country_code":"IT","country_name":"Italy","latitude":"42.19406000","longitude":"14.21939000","wikiDataId":"Q18429326"},{"id":139181,"Name":"Guilmi","state_id":1679,"state_code":"65","state_name":"Abruzzo","country_id":107,"country_code":"IT","country_name":"Italy","latitude":"41.99653000","longitude":"14.47882000","wikiDataId":"Q18454681"},{"id":139201,"Name":"Imposte","state_id":1679,"state_code":"65","state_name":"Abruzzo","country_id":107,"country_code":"IT","country_name":"Italy","latitude":"42.68634000","longitude":"13.52829000","wikiDataId":"Q18428278"},{"id":139212,"Name":"Introdacqua","state_id":1679,"state_code":"65","state_name":"Abruzzo","country_id":107,"country_code":"IT","country_name":"Italy","latitude":"42.00968000","longitude":"13.89779000","wikiDataId":"Q18428278"},{"id":139245,"Name":"Isola del Gran Sasso d'Italia","state_id":1679,"state_code":"65","state_name":"Abruzzo","country_id":107,"country_code":"IT","country_name":"Italy","latitude":"42.50324000","longitude":"13.65721000","wikiDataId":"Q16566532"},{"id":139285,"Name":"L'Aquila","state_id":1679,"state_code":"65","state_name":"Abruzzo","country_id":107,"country_code":"IT","country_name":"Italy","latitude":"42.35055000","longitude":"13.39954000","wikiDataId":"Q18472368"},{"id":139341,"Name":"Lama dei Peligni","state_id":1679,"state_code":"65","state_name":"Abruzzo","country_id":107,"country_code":"IT","country_name":"Italy","latitude":"42.04214000","longitude":"14.18678000","wikiDataId":"Q18499871"},{"id":139354,"Name":"Lanciano","state_id":1679,"state_code":"65","state_name":"Abruzzo","country_id":107,"country_code":"IT","country_name":"Italy","latitude":"42.22718000","longitude":"14.39024000","wikiDataId":"Q902660"},{"id":139431,"Name":"Lecce Nei Marsi","state_id":1679,"state_code":"65","state_name":"Abruzzo","country_id":107,"country_code":"IT","country_name":"Italy","latitude":"41.93436000","longitude":"13.68430000","wikiDataId":"Q3828415"},{"id":139451,"Name":"Lentella","state_id":1679,"state_code":"65","state_name":"Abruzzo","country_id":107,"country_code":"IT","country_name":"Italy","latitude":"41.99576000","longitude":"14.67692000","wikiDataId":"Q47633"},{"id":139479,"Name":"Lettomanoppello","state_id":1679,"state_code":"65","state_name":"Abruzzo","country_id":107,"country_code":"IT","country_name":"Italy","latitude":"42.24336000","longitude":"14.03843000","wikiDataId":"Q3830940"},{"id":139480,"Name":"Lettopalena","state_id":1679,"state_code":"65","state_name":"Abruzzo","country_id":107,"country_code":"IT","country_name":"Italy","latitude":"42.00251000","longitude":"14.15652000","wikiDataId":"Q3830940"},{"id":139538,"Name":"Liscia","state_id":1679,"state_code":"65","state_name":"Abruzzo","country_id":107,"country_code":"IT","country_name":"Italy","latitude":"41.95524000","longitude":"14.55532000","wikiDataId":"Q3833372"},{"id":139610,"Name":"Loreto Aprutino","state_id":1679,"state_code":"65","state_name":"Abruzzo","country_id":107,"country_code":"IT","country_name":"Italy","latitude":"42.43104000","longitude":"13.98057000","wikiDataId":"Q18498276"},{"id":139638,"Name":"Luco dei Marsi","state_id":1679,"state_code":"65","state_name":"Abruzzo","country_id":107,"country_code":"IT","country_name":"Italy","latitude":"41.95925000","longitude":"13.47349000","wikiDataId":"Q18426793"},{"id":139639,"Name":"Lucoli","state_id":1679,"state_code":"65","state_name":"Abruzzo","country_id":107,"country_code":"IT","country_name":"Italy","latitude":"42.29093000","longitude":"13.33799000","wikiDataId":"Q18426793"},{"id":139725,"Name":"Magliano De'Marsi","state_id":1679,"state_code":"65","state_name":"Abruzzo","country_id":107,"country_code":"IT","country_name":"Italy","latitude":"42.09153000","longitude":"13.36379000","wikiDataId":"Q3068279"},{"id":139802,"Name":"Manoppello","state_id":1679,"state_code":"65","state_name":"Abruzzo","country_id":107,"country_code":"IT","country_name":"Italy","latitude":"42.25918000","longitude":"14.06024000","wikiDataId":"Q18458058"},{"id":139803,"Name":"Manoppello Scalo","state_id":1679,"state_code":"65","state_name":"Abruzzo","country_id":107,"country_code":"IT","country_name":"Italy","latitude":"42.30762000","longitude":"14.05363000","wikiDataId":"Q1977592"},{"id":139895,"Name":"Marina di San Vito","state_id":1679,"state_code":"65","state_name":"Abruzzo","country_id":107,"country_code":"IT","country_name":"Italy","latitude":"42.30514000","longitude":"14.44844000","wikiDataId":"Q18424918"},{"id":139897,"Name":"Marina di Vasto","state_id":1679,"state_code":"65","state_name":"Abruzzo","country_id":107,"country_code":"IT","country_name":"Italy","latitude":"42.09373000","longitude":"14.72683000","wikiDataId":"Q18424921"},{"id":139936,"Name":"Martinsicuro","state_id":1679,"state_code":"65","state_name":"Abruzzo","country_id":107,"country_code":"IT","country_name":"Italy","latitude":"42.88031000","longitude":"13.91326000","wikiDataId":"Q18490349"},{"id":139975,"Name":"Massa d'Albe-Corona","state_id":1679,"state_code":"65","state_name":"Abruzzo","country_id":107,"country_code":"IT","country_name":"Italy","latitude":"42.10723000","longitude":"13.39429000","wikiDataId":"Q95114"},{"id":140132,"Name":"Miglianico","state_id":1679,"state_code":"65","state_name":"Abruzzo","country_id":107,"country_code":"IT","country_name":"Italy","latitude":"42.35773000","longitude":"14.29179000","wikiDataId":"Q1058685"},{"id":140214,"Name":"Molina Aterno","state_id":1679,"state_code":"65","state_name":"Abruzzo","country_id":107,"country_code":"IT","country_name":"Italy","latitude":"42.14903000","longitude":"13.73540000","wikiDataId":"Q18453817"},{"id":140350,"Name":"Montazzoli","state_id":1679,"state_code":"65","state_name":"Abruzzo","country_id":107,"country_code":"IT","country_name":"Italy","latitude":"41.94887000","longitude":"14.43069000","wikiDataId":"Q18501871"},{"id":140389,"Name":"Montebello di Bertona","state_id":1679,"state_code":"65","state_name":"Abruzzo","country_id":107,"country_code":"IT","country_name":"Italy","latitude":"42.41686000","longitude":"13.87119000","wikiDataId":"Q18453228"},{"id":140390,"Name":"Montebello sul Sangro","state_id":1679,"state_code":"65","state_name":"Abruzzo","country_id":107,"country_code":"IT","country_name":"Italy","latitude":"41.98663000","longitude":"14.32402000","wikiDataId":"Q18453228"},{"id":140436,"Name":"Monteferrante","state_id":1679,"state_code":"65","state_name":"Abruzzo","country_id":107,"country_code":"IT","country_name":"Italy","latitude":"41.95396000","longitude":"14.38856000","wikiDataId":"Q18436663"},{"id":140438,"Name":"Montefino","state_id":1679,"state_code":"65","state_name":"Abruzzo","country_id":107,"country_code":"IT","country_name":"Italy","latitude":"42.54551000","longitude":"13.88479000","wikiDataId":"Q18436663"},{"id":140465,"Name":"Montelapiano","state_id":1679,"state_code":"65","state_name":"Abruzzo","country_id":107,"country_code":"IT","country_name":"Italy","latitude":"41.96267000","longitude":"14.34212000","wikiDataId":"Q18494838"},{"id":140504,"Name":"Montenerodomo","state_id":1679,"state_code":"65","state_name":"Abruzzo","country_id":107,"country_code":"IT","country_name":"Italy","latitude":"41.97682000","longitude":"14.25177000","wikiDataId":"Q18498395"},{"id":140505,"Name":"Monteodorisio","state_id":1679,"state_code":"65","state_name":"Abruzzo","country_id":107,"country_code":"IT","country_name":"Italy","latitude":"42.08485000","longitude":"14.65386000","wikiDataId":"Q18498395"},{"id":140514,"Name":"Montereale","state_id":1679,"state_code":"65","state_name":"Abruzzo","country_id":107,"country_code":"IT","country_name":"Italy","latitude":"42.52332000","longitude":"13.24585000","wikiDataId":"Q18426821"},{"id":140541,"Name":"Montesilvano Marina","state_id":1679,"state_code":"65","state_name":"Abruzzo","country_id":107,"country_code":"IT","country_name":"Italy","latitude":"42.51140000","longitude":"14.14507000","wikiDataId":"Q30027947"},{"id":140557,"Name":"Monticchio","state_id":1679,"state_code":"65","state_name":"Abruzzo","country_id":107,"country_code":"IT","country_name":"Italy","latitude":"42.32035000","longitude":"13.46382000","wikiDataId":"Q3862484"},{"id":140586,"Name":"Montorio al Vomano","state_id":1679,"state_code":"65","state_name":"Abruzzo","country_id":107,"country_code":"IT","country_name":"Italy","latitude":"42.58123000","longitude":"13.63715000","wikiDataId":"Q6906139"},{"id":140620,"Name":"Morino","state_id":1679,"state_code":"65","state_name":"Abruzzo","country_id":107,"country_code":"IT","country_name":"Italy","latitude":"41.86442000","longitude":"13.45700000","wikiDataId":"Q6906139"},{"id":140634,"Name":"Morro d'Oro","state_id":1679,"state_code":"65","state_name":"Abruzzo","country_id":107,"country_code":"IT","country_name":"Italy","latitude":"42.66291000","longitude":"13.92129000","wikiDataId":"Q18493112"},{"id":140646,"Name":"Mosciano Sant'Angelo","state_id":1679,"state_code":"65","state_name":"Abruzzo","country_id":107,"country_code":"IT","country_name":"Italy","latitude":"42.74700000","longitude":"13.88891000","wikiDataId":"Q18481264"},{"id":140647,"Name":"Moscufo","state_id":1679,"state_code":"65","state_name":"Abruzzo","country_id":107,"country_code":"IT","country_name":"Italy","latitude":"42.42713000","longitude":"14.05434000","wikiDataId":"Q18481264"},{"id":140671,"Name":"Mozzagrogna","state_id":1679,"state_code":"65","state_name":"Abruzzo","country_id":107,"country_code":"IT","country_name":"Italy","latitude":"42.21267000","longitude":"14.44258000","wikiDataId":"Q18490630"},{"id":140731,"Name":"Navelli","state_id":1679,"state_code":"65","state_name":"Abruzzo","country_id":107,"country_code":"IT","country_name":"Italy","latitude":"42.23721000","longitude":"13.72961000","wikiDataId":"Q18487717"},{"id":140743,"Name":"Nepezzano","state_id":1679,"state_code":"65","state_name":"Abruzzo","country_id":107,"country_code":"IT","country_name":"Italy","latitude":"42.68994000","longitude":"13.75650000","wikiDataId":"Q3874705"},{"id":140745,"Name":"Nereto","state_id":1679,"state_code":"65","state_name":"Abruzzo","country_id":107,"country_code":"IT","country_name":"Italy","latitude":"42.81548000","longitude":"13.81989000","wikiDataId":"Q3874705"},{"id":140746,"Name":"Nerito","state_id":1679,"state_code":"65","state_name":"Abruzzo","country_id":107,"country_code":"IT","country_name":"Italy","latitude":"42.54763000","longitude":"13.47759000","wikiDataId":"Q3874768"},{"id":140780,"Name":"Nocciano","state_id":1679,"state_code":"65","state_name":"Abruzzo","country_id":107,"country_code":"IT","country_name":"Italy","latitude":"42.33366000","longitude":"13.98571000","wikiDataId":"Q18487721"},{"id":140811,"Name":"Notaresco","state_id":1679,"state_code":"65","state_name":"Abruzzo","country_id":107,"country_code":"IT","country_name":"Italy","latitude":"42.65742000","longitude":"13.89491000","wikiDataId":"Q3878603"},{"id":140842,"Name":"Nucleo Industriale di Bazzano","state_id":1679,"state_code":"65","state_name":"Abruzzo","country_id":107,"country_code":"IT","country_name":"Italy","latitude":"42.33623000","longitude":"13.46755000","wikiDataId":"Q18426835"},{"id":140874,"Name":"Ofena","state_id":1679,"state_code":"65","state_name":"Abruzzo","country_id":107,"country_code":"IT","country_name":"Italy","latitude":"42.32536000","longitude":"13.75864000","wikiDataId":"Q18487724"},{"id":140932,"Name":"Opi","state_id":1679,"state_code":"65","state_name":"Abruzzo","country_id":107,"country_code":"IT","country_name":"Italy","latitude":"41.77838000","longitude":"13.82932000","wikiDataId":"Q3882791"},{"id":140952,"Name":"Oricola","state_id":1679,"state_code":"65","state_name":"Abruzzo","country_id":107,"country_code":"IT","country_name":"Italy","latitude":"42.04922000","longitude":"13.03939000","wikiDataId":"Q3885522"},{"id":140975,"Name":"Orsogna","state_id":1679,"state_code":"65","state_name":"Abruzzo","country_id":107,"country_code":"IT","country_name":"Italy","latitude":"42.22344000","longitude":"14.28085000","wikiDataId":"Q18452368"},{"id":140987,"Name":"Ortona","state_id":1679,"state_code":"65","state_name":"Abruzzo","country_id":107,"country_code":"IT","country_name":"Italy","latitude":"42.35087000","longitude":"14.40342000","wikiDataId":"Q3886214"},{"id":140988,"Name":"Ortona dei Marsi","state_id":1679,"state_code":"65","state_name":"Abruzzo","country_id":107,"country_code":"IT","country_name":"Italy","latitude":"41.99820000","longitude":"13.72909000","wikiDataId":"Q3886214"},{"id":140990,"Name":"Ortucchio","state_id":1679,"state_code":"65","state_name":"Abruzzo","country_id":107,"country_code":"IT","country_name":"Italy","latitude":"41.95525000","longitude":"13.64651000","wikiDataId":"Q3886214"},{"id":141058,"Name":"Ovindoli","state_id":1679,"state_code":"65","state_name":"Abruzzo","country_id":107,"country_code":"IT","country_name":"Italy","latitude":"42.13765000","longitude":"13.51603000","wikiDataId":"Q3887155"},{"id":141070,"Name":"Pacentro","state_id":1679,"state_code":"65","state_name":"Abruzzo","country_id":107,"country_code":"IT","country_name":"Italy","latitude":"42.05043000","longitude":"13.99151000","wikiDataId":"Q18442909"},{"id":141095,"Name":"Paganica-Tempera","state_id":1679,"state_code":"65","state_name":"Abruzzo","country_id":107,"country_code":"IT","country_name":"Italy","latitude":"42.35715000","longitude":"13.47138000","wikiDataId":"Q2216664"},{"id":58205,"Name":"Pagliare","state_id":1679,"state_code":"65","state_name":"Abruzzo","country_id":107,"country_code":"IT","country_name":"Italy","latitude":"42.64372000","longitude":"13.95171000","wikiDataId":"Q18428397"},{"id":58209,"Name":"Paglieta","state_id":1679,"state_code":"65","state_name":"Abruzzo","country_id":107,"country_code":"IT","country_name":"Italy","latitude":"42.16139000","longitude":"14.50306000","wikiDataId":"Q18437567"},{"id":58238,"Name":"Palena","state_id":1679,"state_code":"65","state_name":"Abruzzo","country_id":107,"country_code":"IT","country_name":"Italy","latitude":"41.98353000","longitude":"14.13696000","wikiDataId":"Q18461454"},{"id":58260,"Name":"Palmoli","state_id":1679,"state_code":"65","state_name":"Abruzzo","country_id":107,"country_code":"IT","country_name":"Italy","latitude":"41.93944000","longitude":"14.58142000","wikiDataId":"Q18489720"},{"id":58264,"Name":"Palombaro","state_id":1679,"state_code":"65","state_name":"Abruzzo","country_id":107,"country_code":"IT","country_name":"Italy","latitude":"42.12323000","longitude":"14.22989000","wikiDataId":"Q3155454"},{"id":58403,"Name":"Penna Sant'Andrea","state_id":1679,"state_code":"65","state_name":"Abruzzo","country_id":107,"country_code":"IT","country_name":"Italy","latitude":"42.59403000","longitude":"13.77215000","wikiDataId":"Q18453835"},{"id":58406,"Name":"Pennadomo","state_id":1679,"state_code":"65","state_name":"Abruzzo","country_id":107,"country_code":"IT","country_name":"Italy","latitude":"42.00394000","longitude":"14.32338000","wikiDataId":"Q18453835"},{"id":58407,"Name":"Pennapiedimonte","state_id":1679,"state_code":"65","state_name":"Abruzzo","country_id":107,"country_code":"IT","country_name":"Italy","latitude":"42.15563000","longitude":"14.19432000","wikiDataId":"Q18453835"},{"id":58408,"Name":"Penne","state_id":1679,"state_code":"65","state_name":"Abruzzo","country_id":107,"country_code":"IT","country_name":"Italy","latitude":"42.45474000","longitude":"13.92754000","wikiDataId":"Q18453835"},{"id":58411,"Name":"Perano","state_id":1679,"state_code":"65","state_name":"Abruzzo","country_id":107,"country_code":"IT","country_name":"Italy","latitude":"42.10460000","longitude":"14.39581000","wikiDataId":"Q2513042"},{"id":58420,"Name":"Pereto","state_id":1679,"state_code":"65","state_name":"Abruzzo","country_id":107,"country_code":"IT","country_name":"Italy","latitude":"42.05821000","longitude":"13.10231000","wikiDataId":"Q42801"},{"id":58450,"Name":"Pescara","state_id":1679,"state_code":"65","state_name":"Abruzzo","country_id":107,"country_code":"IT","country_name":"Italy","latitude":"42.45840000","longitude":"14.20283000","wikiDataId":"Q18452392"},{"id":58452,"Name":"Pescasseroli","state_id":1679,"state_code":"65","state_name":"Abruzzo","country_id":107,"country_code":"IT","country_name":"Italy","latitude":"41.80343000","longitude":"13.78707000","wikiDataId":"Q18452392"},{"id":58459,"Name":"Pescina","state_id":1679,"state_code":"65","state_name":"Abruzzo","country_id":107,"country_code":"IT","country_name":"Italy","latitude":"42.02351000","longitude":"13.65116000","wikiDataId":"Q2784233"},{"id":58461,"Name":"Pescocostanzo","state_id":1679,"state_code":"65","state_name":"Abruzzo","country_id":107,"country_code":"IT","country_name":"Italy","latitude":"41.88722000","longitude":"14.06614000","wikiDataId":"Q2784233"},{"id":58466,"Name":"Pescosansonesco Nuovo","state_id":1679,"state_code":"65","state_name":"Abruzzo","country_id":107,"country_code":"IT","country_name":"Italy","latitude":"42.25524000","longitude":"13.88480000","wikiDataId":"Q18427431"},{"id":58493,"Name":"Pettorano sul Gizio","state_id":1679,"state_code":"65","state_name":"Abruzzo","country_id":107,"country_code":"IT","country_name":"Italy","latitude":"41.97326000","longitude":"13.96001000","wikiDataId":"Q775778"},{"id":58523,"Name":"Pianella","state_id":1679,"state_code":"65","state_name":"Abruzzo","country_id":107,"country_code":"IT","country_name":"Italy","latitude":"42.39918000","longitude":"14.04781000","wikiDataId":"Q18496621"},{"id":58548,"Name":"Pianola","state_id":1679,"state_code":"65","state_name":"Abruzzo","country_id":107,"country_code":"IT","country_name":"Italy","latitude":"42.32341000","longitude":"13.40394000","wikiDataId":"Q7190216"},{"id":58554,"Name":"Pianura Vomano","state_id":1679,"state_code":"65","state_name":"Abruzzo","country_id":107,"country_code":"IT","country_name":"Italy","latitude":"42.63028000","longitude":"13.91548000","wikiDataId":"Q18428443"},{"id":58579,"Name":"Picciano","state_id":1679,"state_code":"65","state_name":"Abruzzo","country_id":107,"country_code":"IT","country_name":"Italy","latitude":"42.47525000","longitude":"13.98990000","wikiDataId":"Q3902532"},{"id":58607,"Name":"Pietracamela","state_id":1679,"state_code":"65","state_name":"Abruzzo","country_id":107,"country_code":"IT","country_name":"Italy","latitude":"42.52344000","longitude":"13.55431000","wikiDataId":"Q18496036"},{"id":58612,"Name":"Pietraferrazzana","state_id":1679,"state_code":"65","state_name":"Abruzzo","country_id":107,"country_code":"IT","country_name":"Italy","latitude":"41.96943000","longitude":"14.37451000","wikiDataId":"Q1110618"},{"id":58619,"Name":"Pietranico","state_id":1679,"state_code":"65","state_name":"Abruzzo","country_id":107,"country_code":"IT","country_name":"Italy","latitude":"42.27565000","longitude":"13.91077000","wikiDataId":"Q18481879"},{"id":58677,"Name":"Pineto","state_id":1679,"state_code":"65","state_name":"Abruzzo","country_id":107,"country_code":"IT","country_name":"Italy","latitude":"42.60879000","longitude":"14.06639000","wikiDataId":"Q18475701"},{"id":58727,"Name":"Pizzoferrato","state_id":1679,"state_code":"65","state_name":"Abruzzo","country_id":107,"country_code":"IT","country_name":"Italy","latitude":"41.92244000","longitude":"14.23632000","wikiDataId":"Q18438575"},{"id":58728,"Name":"Pizzoli","state_id":1679,"state_code":"65","state_name":"Abruzzo","country_id":107,"country_code":"IT","country_name":"Italy","latitude":"42.43603000","longitude":"13.29886000","wikiDataId":"Q18438575"},{"id":58759,"Name":"Poggio Picenze","state_id":1679,"state_code":"65","state_name":"Abruzzo","country_id":107,"country_code":"IT","country_name":"Italy","latitude":"42.32061000","longitude":"13.54036000","wikiDataId":"Q18455144"},{"id":58768,"Name":"Poggiofiorito","state_id":1679,"state_code":"65","state_name":"Abruzzo","country_id":107,"country_code":"IT","country_name":"Italy","latitude":"42.25414000","longitude":"14.32082000","wikiDataId":"Q2604595"},{"id":58802,"Name":"Pollutri","state_id":1679,"state_code":"65","state_name":"Abruzzo","country_id":107,"country_code":"IT","country_name":"Italy","latitude":"42.13784000","longitude":"14.59172000","wikiDataId":"Q610420"},{"id":58900,"Name":"Popoli","state_id":1679,"state_code":"65","state_name":"Abruzzo","country_id":107,"country_code":"IT","country_name":"Italy","latitude":"42.16866000","longitude":"13.82997000","wikiDataId":"Q18455168"},{"id":59015,"Name":"Prata d'Ansidonia","state_id":1679,"state_code":"65","state_name":"Abruzzo","country_id":107,"country_code":"IT","country_name":"Italy","latitude":"42.27793000","longitude":"13.60830000","wikiDataId":"Q18426922"},{"id":59033,"Name":"Pratola Peligna","state_id":1679,"state_code":"65","state_name":"Abruzzo","country_id":107,"country_code":"IT","country_name":"Italy","latitude":"42.09701000","longitude":"13.87467000","wikiDataId":"Q18453863"},{"id":59069,"Name":"Pretoro","state_id":1679,"state_code":"65","state_name":"Abruzzo","country_id":107,"country_code":"IT","country_name":"Italy","latitude":"42.21923000","longitude":"14.14248000","wikiDataId":"Q18437654"},{"id":59070,"Name":"Preturo","state_id":1679,"state_code":"65","state_name":"Abruzzo","country_id":107,"country_code":"IT","country_name":"Italy","latitude":"42.37808000","longitude":"13.29633000","wikiDataId":"Q3911305"},{"id":59072,"Name":"Prezza","state_id":1679,"state_code":"65","state_name":"Abruzzo","country_id":107,"country_code":"IT","country_name":"Italy","latitude":"42.05789000","longitude":"13.83592000","wikiDataId":"Q3911305"},{"id":59087,"Name":"Progetto Case Bazzano","state_id":1679,"state_code":"65","state_name":"Abruzzo","country_id":107,"country_code":"IT","country_name":"Italy","latitude":"42.33643000","longitude":"13.44410000","wikiDataId":"Q18426927"},{"id":59088,"Name":"Progetto Case Coppito 3","state_id":1679,"state_code":"65","state_name":"Abruzzo","country_id":107,"country_code":"IT","country_name":"Italy","latitude":"42.36981000","longitude":"13.31973000","wikiDataId":"Q18426929"},{"id":59089,"Name":"Progetto Case Sassa Nsi","state_id":1679,"state_code":"65","state_name":"Abruzzo","country_id":107,"country_code":"IT","country_name":"Italy","latitude":"42.36560000","longitude":"13.31509000","wikiDataId":"Q18426931"},{"id":59106,"Name":"Provincia dell' Aquila","state_id":1679,"state_code":"65","state_name":"Abruzzo","country_id":107,"country_code":"IT","country_name":"Italy","latitude":"42.08333000","longitude":"13.66667000","wikiDataId":"Q16189"},{"id":59124,"Name":"Provincia di Chieti","state_id":1679,"state_code":"65","state_name":"Abruzzo","country_id":107,"country_code":"IT","country_name":"Italy","latitude":"42.11667000","longitude":"14.35000000","wikiDataId":"Q16160"},{"id":59160,"Name":"Provincia di Pescara","state_id":1679,"state_code":"65","state_name":"Abruzzo","country_id":107,"country_code":"IT","country_name":"Italy","latitude":"42.33333000","longitude":"13.95000000","wikiDataId":"Q16242"},{"id":59179,"Name":"Provincia di Teramo","state_id":1679,"state_code":"65","state_name":"Abruzzo","country_id":107,"country_code":"IT","country_name":"Italy","latitude":"42.65000000","longitude":"13.68333000","wikiDataId":"Q16284"},{"id":59212,"Name":"Quadri","state_id":1679,"state_code":"65","state_name":"Abruzzo","country_id":107,"country_code":"IT","country_name":"Italy","latitude":"41.92402000","longitude":"14.28768000","wikiDataId":"Q1114700"},{"id":59270,"Name":"Raiano","state_id":1679,"state_code":"65","state_name":"Abruzzo","country_id":107,"country_code":"IT","country_name":"Italy","latitude":"42.10158000","longitude":"13.81386000","wikiDataId":"Q18426932"},{"id":59285,"Name":"Rapino","state_id":1679,"state_code":"65","state_name":"Abruzzo","country_id":107,"country_code":"IT","country_name":"Italy","latitude":"42.20931000","longitude":"14.18493000","wikiDataId":"Q2362876"},{"id":59399,"Name":"Ripa Teatina","state_id":1679,"state_code":"65","state_name":"Abruzzo","country_id":107,"country_code":"IT","country_name":"Italy","latitude":"42.36603000","longitude":"14.24441000","wikiDataId":"Q3936316"},{"id":59439,"Name":"Rivisondoli","state_id":1679,"state_code":"65","state_name":"Abruzzo","country_id":107,"country_code":"IT","country_name":"Italy","latitude":"41.87023000","longitude":"14.06671000","wikiDataId":"Q18426941"},{"id":59483,"Name":"Rocca di Botte","state_id":1679,"state_code":"65","state_name":"Abruzzo","country_id":107,"country_code":"IT","country_name":"Italy","latitude":"42.03102000","longitude":"13.07185000","wikiDataId":"Q18426944"},{"id":59484,"Name":"Rocca di Cambio","state_id":1679,"state_code":"65","state_name":"Abruzzo","country_id":107,"country_code":"IT","country_name":"Italy","latitude":"42.23755000","longitude":"13.48906000","wikiDataId":"Q18426944"},{"id":59487,"Name":"Rocca di Mezzo","state_id":1679,"state_code":"65","state_name":"Abruzzo","country_id":107,"country_code":"IT","country_name":"Italy","latitude":"42.20441000","longitude":"13.51840000","wikiDataId":"Q18465261"},{"id":59473,"Name":"Rocca Pia","state_id":1679,"state_code":"65","state_name":"Abruzzo","country_id":107,"country_code":"IT","country_name":"Italy","latitude":"41.93429000","longitude":"13.97726000","wikiDataId":"Q18430118"},{"id":59478,"Name":"Rocca San Giovanni","state_id":1679,"state_code":"65","state_name":"Abruzzo","country_id":107,"country_code":"IT","country_name":"Italy","latitude":"42.24604000","longitude":"14.46162000","wikiDataId":"Q18430118"},{"id":59494,"Name":"Roccacasale","state_id":1679,"state_code":"65","state_name":"Abruzzo","country_id":107,"country_code":"IT","country_name":"Italy","latitude":"42.12249000","longitude":"13.88758000","wikiDataId":"Q18426950"},{"id":59510,"Name":"Roccamorice","state_id":1679,"state_code":"65","state_name":"Abruzzo","country_id":107,"country_code":"IT","country_name":"Italy","latitude":"42.21274000","longitude":"14.02531000","wikiDataId":"Q18426950"},{"id":59516,"Name":"Roccaraso","state_id":1679,"state_code":"65","state_name":"Abruzzo","country_id":107,"country_code":"IT","country_name":"Italy","latitude":"41.84872000","longitude":"14.07846000","wikiDataId":"Q18426950"},{"id":59518,"Name":"Roccascalegna","state_id":1679,"state_code":"65","state_name":"Abruzzo","country_id":107,"country_code":"IT","country_name":"Italy","latitude":"42.06212000","longitude":"14.30802000","wikiDataId":"Q18426950"},{"id":59524,"Name":"Roccaspinalveti-Santa Giusta","state_id":1679,"state_code":"65","state_name":"Abruzzo","country_id":107,"country_code":"IT","country_name":"Italy","latitude":"41.94233000","longitude":"14.47092000","wikiDataId":"Q18425438"},{"id":59531,"Name":"Roccavivi","state_id":1679,"state_code":"65","state_name":"Abruzzo","country_id":107,"country_code":"IT","country_name":"Italy","latitude":"41.81214000","longitude":"13.53662000","wikiDataId":"Q3939514"},{"id":59567,"Name":"Roio del Sangro","state_id":1679,"state_code":"65","state_name":"Abruzzo","country_id":107,"country_code":"IT","country_name":"Italy","latitude":"41.91153000","longitude":"14.37382000","wikiDataId":"Q18489233"},{"id":59629,"Name":"Rosciano","state_id":1679,"state_code":"65","state_name":"Abruzzo","country_id":107,"country_code":"IT","country_name":"Italy","latitude":"42.32227000","longitude":"14.04555000","wikiDataId":"Q18430122"},{"id":59634,"Name":"Rosello","state_id":1679,"state_code":"65","state_name":"Abruzzo","country_id":107,"country_code":"IT","country_name":"Italy","latitude":"41.90116000","longitude":"14.34919000","wikiDataId":"Q1957438"},{"id":59637,"Name":"Roseto degli Abruzzi","state_id":1679,"state_code":"65","state_name":"Abruzzo","country_id":107,"country_code":"IT","country_name":"Italy","latitude":"42.67164000","longitude":"14.01481000","wikiDataId":"Q1957438"},{"id":59772,"Name":"Salino","state_id":1679,"state_code":"65","state_name":"Abruzzo","country_id":107,"country_code":"IT","country_name":"Italy","latitude":"42.78571000","longitude":"13.91400000","wikiDataId":"Q18428488"},{"id":59777,"Name":"Salle","state_id":1679,"state_code":"65","state_name":"Abruzzo","country_id":107,"country_code":"IT","country_name":"Italy","latitude":"42.17756000","longitude":"13.96091000","wikiDataId":"Q18437681"},{"id":59792,"Name":"Salvo Marina","state_id":1679,"state_code":"65","state_name":"Abruzzo","country_id":107,"country_code":"IT","country_name":"Italy","latitude":"42.07037000","longitude":"14.76597000","wikiDataId":"Q18425509"},{"id":59806,"Name":"Sambuceto","state_id":1679,"state_code":"65","state_name":"Abruzzo","country_id":107,"country_code":"IT","country_name":"Italy","latitude":"42.42168000","longitude":"14.18747000","wikiDataId":"Q1093372"},{"id":59831,"Name":"San Benedetto dei Marsi","state_id":1679,"state_code":"65","state_name":"Abruzzo","country_id":107,"country_code":"IT","country_name":"Italy","latitude":"42.00760000","longitude":"13.62381000","wikiDataId":"Q18439681"},{"id":59833,"Name":"San Benedetto in Perillis","state_id":1679,"state_code":"65","state_name":"Abruzzo","country_id":107,"country_code":"IT","country_name":"Italy","latitude":"42.18377000","longitude":"13.76996000","wikiDataId":"Q18439681"},{"id":59849,"Name":"San Buono","state_id":1679,"state_code":"65","state_name":"Abruzzo","country_id":107,"country_code":"IT","country_name":"Italy","latitude":"41.98140000","longitude":"14.56818000","wikiDataId":"Q18429079"},{"id":59892,"Name":"San Demetrio Ne' Vestini","state_id":1679,"state_code":"65","state_name":"Abruzzo","country_id":107,"country_code":"IT","country_name":"Italy","latitude":"42.28963000","longitude":"13.55519000","wikiDataId":"Q18440661"},{"id":59986,"Name":"San Giovanni Lipioni","state_id":1679,"state_code":"65","state_name":"Abruzzo","country_id":107,"country_code":"IT","country_name":"Italy","latitude":"41.84383000","longitude":"14.56271000","wikiDataId":"Q18462847"},{"id":60072,"Name":"San Martino Bassa","state_id":1679,"state_code":"65","state_name":"Abruzzo","country_id":107,"country_code":"IT","country_name":"Italy","latitude":"42.51827000","longitude":"14.13045000","wikiDataId":"Q18427498"},{"id":60097,"Name":"San Martino sulla Marrucina","state_id":1679,"state_code":"65","state_name":"Abruzzo","country_id":107,"country_code":"IT","country_name":"Italy","latitude":"42.22419000","longitude":"14.21577000","wikiDataId":"Q18493829"},{"id":60148,"Name":"San Nicolò a Tordino","state_id":1679,"state_code":"65","state_name":"Abruzzo","country_id":107,"country_code":"IT","country_name":"Italy","latitude":"42.69648000","longitude":"13.79708000","wikiDataId":"Q2905711"},{"id":60153,"Name":"San Panfilo d'Ocre","state_id":1679,"state_code":"65","state_name":"Abruzzo","country_id":107,"country_code":"IT","country_name":"Italy","latitude":"42.28616000","longitude":"13.47518000","wikiDataId":"Q49289062"},{"id":60203,"Name":"San Pio delle Camere","state_id":1679,"state_code":"65","state_name":"Abruzzo","country_id":107,"country_code":"IT","country_name":"Italy","latitude":"42.28423000","longitude":"13.65570000","wikiDataId":"Q2184285"},{"id":60222,"Name":"San Rocco","state_id":1679,"state_code":"65","state_name":"Abruzzo","country_id":107,"country_code":"IT","country_name":"Italy","latitude":"42.24294000","longitude":"14.12891000","wikiDataId":"Q18425642"},{"id":60234,"Name":"San Salvo","state_id":1679,"state_code":"65","state_name":"Abruzzo","country_id":107,"country_code":"IT","country_name":"Italy","latitude":"42.04413000","longitude":"14.73335000","wikiDataId":"Q18459019"},{"id":60259,"Name":"San Valentino in Abruzzo Citeriore","state_id":1679,"state_code":"65","state_name":"Abruzzo","country_id":107,"country_code":"IT","country_name":"Italy","latitude":"42.23304000","longitude":"13.98561000","wikiDataId":"Q18452509"},{"id":60269,"Name":"San Vincenzo Valle Roveto","state_id":1679,"state_code":"65","state_name":"Abruzzo","country_id":107,"country_code":"IT","country_name":"Italy","latitude":"41.84452000","longitude":"13.53566000","wikiDataId":"Q18438682"},{"id":60275,"Name":"San Vito Chietino","state_id":1679,"state_code":"65","state_name":"Abruzzo","country_id":107,"country_code":"IT","country_name":"Italy","latitude":"42.29014000","longitude":"14.44270000","wikiDataId":"Q18441665"},{"id":60391,"Name":"Sant'Egidio alla Vibrata","state_id":1679,"state_code":"65","state_name":"Abruzzo","country_id":107,"country_code":"IT","country_name":"Italy","latitude":"42.81705000","longitude":"13.72164000","wikiDataId":"Q18500348"},{"id":60400,"Name":"Sant'Eufemia a Maiella","state_id":1679,"state_code":"65","state_name":"Abruzzo","country_id":107,"country_code":"IT","country_name":"Italy","latitude":"42.12613000","longitude":"14.02651000","wikiDataId":"Q18429462"},{"id":60403,"Name":"Sant'Eusanio del Sangro","state_id":1679,"state_code":"65","state_name":"Abruzzo","country_id":107,"country_code":"IT","country_name":"Italy","latitude":"42.16908000","longitude":"14.32776000","wikiDataId":"Q18429462"},{"id":60402,"Name":"Sant'Eusanio Forconese","state_id":1679,"state_code":"65","state_name":"Abruzzo","country_id":107,"country_code":"IT","country_name":"Italy","latitude":"42.28951000","longitude":"13.52425000","wikiDataId":"Q18429462"},{"id":60407,"Name":"Sant'Omero","state_id":1679,"state_code":"65","state_name":"Abruzzo","country_id":107,"country_code":"IT","country_name":"Italy","latitude":"42.79011000","longitude":"13.78906000","wikiDataId":"Q18429462"},{"id":60463,"Name":"Santa Maria Imbaro","state_id":1679,"state_code":"65","state_name":"Abruzzo","country_id":107,"country_code":"IT","country_name":"Italy","latitude":"42.21999000","longitude":"14.45027000","wikiDataId":"Q2368450"},{"id":60494,"Name":"Santa Teresa","state_id":1679,"state_code":"65","state_name":"Abruzzo","country_id":107,"country_code":"IT","country_name":"Italy","latitude":"42.42753000","longitude":"14.15816000","wikiDataId":"Q18427524"},{"id":60504,"Name":"Sante Marie","state_id":1679,"state_code":"65","state_name":"Abruzzo","country_id":107,"country_code":"IT","country_name":"Italy","latitude":"42.10369000","longitude":"13.20163000","wikiDataId":"Q18427013"},{"id":60524,"Name":"Santo Stefano di Sessanio","state_id":1679,"state_code":"65","state_name":"Abruzzo","country_id":107,"country_code":"IT","country_name":"Italy","latitude":"42.34339000","longitude":"13.64477000","wikiDataId":"Q18430429"},{"id":60565,"Name":"Sassa","state_id":1679,"state_code":"65","state_name":"Abruzzo","country_id":107,"country_code":"IT","country_name":"Italy","latitude":"42.35204000","longitude":"13.29924000","wikiDataId":"Q3950671"},{"id":60601,"Name":"Scafa","state_id":1679,"state_code":"65","state_name":"Abruzzo","country_id":107,"country_code":"IT","country_name":"Italy","latitude":"42.26575000","longitude":"13.99665000","wikiDataId":"Q18445011"},{"id":60622,"Name":"Scanno","state_id":1679,"state_code":"65","state_name":"Abruzzo","country_id":107,"country_code":"IT","country_name":"Italy","latitude":"41.90442000","longitude":"13.87961000","wikiDataId":"Q18488724"},{"id":60639,"Name":"Scerne","state_id":1679,"state_code":"65","state_name":"Abruzzo","country_id":107,"country_code":"IT","country_name":"Italy","latitude":"42.64754000","longitude":"14.03791000","wikiDataId":"Q3951830"},{"id":60640,"Name":"Scerni","state_id":1679,"state_code":"65","state_name":"Abruzzo","country_id":107,"country_code":"IT","country_name":"Italy","latitude":"42.10418000","longitude":"14.57428000","wikiDataId":"Q3951830"},{"id":60643,"Name":"Schiavi di Abruzzo","state_id":1679,"state_code":"65","state_name":"Abruzzo","country_id":107,"country_code":"IT","country_name":"Italy","latitude":"41.81311000","longitude":"14.48655000","wikiDataId":"Q3951830"},{"id":60662,"Name":"Scontrone","state_id":1679,"state_code":"65","state_name":"Abruzzo","country_id":107,"country_code":"IT","country_name":"Italy","latitude":"41.74681000","longitude":"14.03880000","wikiDataId":"Q2399617"},{"id":60665,"Name":"Scoppito","state_id":1679,"state_code":"65","state_name":"Abruzzo","country_id":107,"country_code":"IT","country_name":"Italy","latitude":"42.36948000","longitude":"13.25936000","wikiDataId":"Q2399617"},{"id":60670,"Name":"Scurcola Marsicana","state_id":1679,"state_code":"65","state_name":"Abruzzo","country_id":107,"country_code":"IT","country_name":"Italy","latitude":"42.06313000","longitude":"13.33919000","wikiDataId":"Q18439715"},{"id":60676,"Name":"Secinaro","state_id":1679,"state_code":"65","state_name":"Abruzzo","country_id":107,"country_code":"IT","country_name":"Italy","latitude":"42.15062000","longitude":"13.68145000","wikiDataId":"Q18448028"},{"id":60704,"Name":"Selva","state_id":1679,"state_code":"65","state_name":"Abruzzo","country_id":107,"country_code":"IT","country_name":"Italy","latitude":"42.11442000","longitude":"14.34425000","wikiDataId":"Q18425800"},{"id":60765,"Name":"Serramonacesca","state_id":1679,"state_code":"65","state_name":"Abruzzo","country_id":107,"country_code":"IT","country_name":"Italy","latitude":"42.24795000","longitude":"14.09297000","wikiDataId":"Q18448031"},{"id":60857,"Name":"Silvi","state_id":1679,"state_code":"65","state_name":"Abruzzo","country_id":107,"country_code":"IT","country_name":"Italy","latitude":"42.54984000","longitude":"14.11759000","wikiDataId":"Q3828428"},{"id":61027,"Name":"Spoltore","state_id":1679,"state_code":"65","state_name":"Abruzzo","country_id":107,"country_code":"IT","country_name":"Italy","latitude":"42.45501000","longitude":"14.13988000","wikiDataId":"Q2048225"},{"id":61116,"Name":"Sulmona","state_id":1679,"state_code":"65","state_name":"Abruzzo","country_id":107,"country_code":"IT","country_name":"Italy","latitude":"42.04945000","longitude":"13.92578000","wikiDataId":"Q18448801"},{"id":61142,"Name":"Tagliacozzo","state_id":1679,"state_code":"65","state_name":"Abruzzo","country_id":107,"country_code":"IT","country_name":"Italy","latitude":"42.06933000","longitude":"13.25469000","wikiDataId":"Q18498953"},{"id":61163,"Name":"Taranta Peligna","state_id":1679,"state_code":"65","state_name":"Abruzzo","country_id":107,"country_code":"IT","country_name":"Italy","latitude":"42.02052000","longitude":"14.17103000","wikiDataId":"Q1976012"},{"id":61217,"Name":"Teramo","state_id":1679,"state_code":"65","state_name":"Abruzzo","country_id":107,"country_code":"IT","country_name":"Italy","latitude":"42.66123000","longitude":"13.69901000","wikiDataId":"Q53379"},{"id":61280,"Name":"Tione degli Abruzzi","state_id":1679,"state_code":"65","state_name":"Abruzzo","country_id":107,"country_code":"IT","country_name":"Italy","latitude":"42.20393000","longitude":"13.63570000","wikiDataId":"Q18441166"},{"id":61293,"Name":"Tocco da Casauria","state_id":1679,"state_code":"65","state_name":"Abruzzo","country_id":107,"country_code":"IT","country_name":"Italy","latitude":"42.21203000","longitude":"13.91547000","wikiDataId":"Q18430784"},{"id":61301,"Name":"Tollo","state_id":1679,"state_code":"65","state_name":"Abruzzo","country_id":107,"country_code":"IT","country_name":"Italy","latitude":"42.34542000","longitude":"14.32360000","wikiDataId":"Q18430784"},{"id":61317,"Name":"Torano Nuovo","state_id":1679,"state_code":"65","state_name":"Abruzzo","country_id":107,"country_code":"IT","country_name":"Italy","latitude":"42.82305000","longitude":"13.77729000","wikiDataId":"Q18436805"},{"id":61330,"Name":"Torino di Sangro","state_id":1679,"state_code":"65","state_name":"Abruzzo","country_id":107,"country_code":"IT","country_name":"Italy","latitude":"42.19100000","longitude":"14.54272000","wikiDataId":"Q18288162"},{"id":61334,"Name":"Tornareccio","state_id":1679,"state_code":"65","state_name":"Abruzzo","country_id":107,"country_code":"IT","country_name":"Italy","latitude":"42.03763000","longitude":"14.41525000","wikiDataId":"Q18288162"},{"id":61336,"Name":"Tornimparte","state_id":1679,"state_code":"65","state_name":"Abruzzo","country_id":107,"country_code":"IT","country_name":"Italy","latitude":"42.29007000","longitude":"13.30092000","wikiDataId":"Q18288162"},{"id":61368,"Name":"Torre de' Passeri","state_id":1679,"state_code":"65","state_name":"Abruzzo","country_id":107,"country_code":"IT","country_name":"Italy","latitude":"42.24324000","longitude":"13.93330000","wikiDataId":"Q2263281"},{"id":61380,"Name":"Torrebruna","state_id":1679,"state_code":"65","state_name":"Abruzzo","country_id":107,"country_code":"IT","country_name":"Italy","latitude":"41.86742000","longitude":"14.54148000","wikiDataId":"Q18493670"},{"id":61392,"Name":"Torrevecchia","state_id":1679,"state_code":"65","state_name":"Abruzzo","country_id":107,"country_code":"IT","country_name":"Italy","latitude":"42.38274000","longitude":"14.21331000","wikiDataId":"Q18425966"},{"id":61399,"Name":"Torricella","state_id":1679,"state_code":"65","state_name":"Abruzzo","country_id":107,"country_code":"IT","country_name":"Italy","latitude":"42.65904000","longitude":"13.65719000","wikiDataId":"Q111966"},{"id":61401,"Name":"Torricella Peligna","state_id":1679,"state_code":"65","state_name":"Abruzzo","country_id":107,"country_code":"IT","country_name":"Italy","latitude":"42.02397000","longitude":"14.25854000","wikiDataId":"Q111966"},{"id":61416,"Name":"Tortoreto","state_id":1679,"state_code":"65","state_name":"Abruzzo","country_id":107,"country_code":"IT","country_name":"Italy","latitude":"42.80371000","longitude":"13.91346000","wikiDataId":"Q18430853"},{"id":61417,"Name":"Tortoreto Lido","state_id":1679,"state_code":"65","state_name":"Abruzzo","country_id":107,"country_code":"IT","country_name":"Italy","latitude":"42.79956000","longitude":"13.94205000","wikiDataId":"Q18428585"},{"id":61424,"Name":"Tossicia","state_id":1679,"state_code":"65","state_name":"Abruzzo","country_id":107,"country_code":"IT","country_name":"Italy","latitude":"42.54472000","longitude":"13.64595000","wikiDataId":"Q18438761"},{"id":61444,"Name":"Trasacco","state_id":1679,"state_code":"65","state_name":"Abruzzo","country_id":107,"country_code":"IT","country_name":"Italy","latitude":"41.95742000","longitude":"13.53270000","wikiDataId":"Q18448043"},{"id":61473,"Name":"Treglio","state_id":1679,"state_code":"65","state_name":"Abruzzo","country_id":107,"country_code":"IT","country_name":"Italy","latitude":"42.26184000","longitude":"14.42315000","wikiDataId":"Q782473"},{"id":61563,"Name":"Tufillo","state_id":1679,"state_code":"65","state_name":"Abruzzo","country_id":107,"country_code":"IT","country_name":"Italy","latitude":"41.91685000","longitude":"14.62558000","wikiDataId":"Q222063"},{"id":61578,"Name":"Turrivalignani","state_id":1679,"state_code":"65","state_name":"Abruzzo","country_id":107,"country_code":"IT","country_name":"Italy","latitude":"42.26296000","longitude":"14.02852000","wikiDataId":"Q222063"},{"id":61626,"Name":"Vacri","state_id":1679,"state_code":"65","state_name":"Abruzzo","country_id":107,"country_code":"IT","country_name":"Italy","latitude":"42.29764000","longitude":"14.22901000","wikiDataId":"Q18441206"},{"id":61686,"Name":"Valle Castellana","state_id":1679,"state_code":"65","state_name":"Abruzzo","country_id":107,"country_code":"IT","country_name":"Italy","latitude":"42.73614000","longitude":"13.49709000","wikiDataId":"Q4007986"},{"id":61704,"Name":"Vallecupa","state_id":1679,"state_code":"65","state_name":"Abruzzo","country_id":107,"country_code":"IT","country_name":"Italy","latitude":"42.25366000","longitude":"13.57467000","wikiDataId":"Q18427098"},{"id":61781,"Name":"Vasto","state_id":1679,"state_code":"65","state_name":"Abruzzo","country_id":107,"country_code":"IT","country_name":"Italy","latitude":"42.11150000","longitude":"14.70649000","wikiDataId":"Q30031570"},{"id":61922,"Name":"Vicoli","state_id":1679,"state_code":"65","state_name":"Abruzzo","country_id":107,"country_code":"IT","country_name":"Italy","latitude":"42.34095000","longitude":"13.89688000","wikiDataId":"Q4011224"},{"id":61988,"Name":"Villa Caldari","state_id":1679,"state_code":"65","state_name":"Abruzzo","country_id":107,"country_code":"IT","country_name":"Italy","latitude":"42.29566000","longitude":"14.36157000","wikiDataId":"Q2287431"},{"id":61992,"Name":"Villa Celiera","state_id":1679,"state_code":"65","state_name":"Abruzzo","country_id":107,"country_code":"IT","country_name":"Italy","latitude":"42.38184000","longitude":"13.85860000","wikiDataId":"Q18499026"},{"id":62003,"Name":"Villa Lempa","state_id":1679,"state_code":"65","state_name":"Abruzzo","country_id":107,"country_code":"IT","country_name":"Italy","latitude":"42.79345000","longitude":"13.64433000","wikiDataId":"Q18428623"},{"id":62012,"Name":"Villa Raspa","state_id":1679,"state_code":"65","state_name":"Abruzzo","country_id":107,"country_code":"IT","country_name":"Italy","latitude":"42.45542000","longitude":"14.18457000","wikiDataId":"Q18427634"},{"id":62015,"Name":"Villa Rosa","state_id":1679,"state_code":"65","state_name":"Abruzzo","country_id":107,"country_code":"IT","country_name":"Italy","latitude":"42.85059000","longitude":"13.92015000","wikiDataId":"Q4012486"},{"id":62022,"Name":"Villa Sant'Angelo","state_id":1679,"state_code":"65","state_name":"Abruzzo","country_id":107,"country_code":"IT","country_name":"Italy","latitude":"42.27043000","longitude":"13.53710000","wikiDataId":"Q18427125"},{"id":62025,"Name":"Villa Santa Lucia degli Abruzzi","state_id":1679,"state_code":"65","state_name":"Abruzzo","country_id":107,"country_code":"IT","country_name":"Italy","latitude":"42.33286000","longitude":"13.77792000","wikiDataId":"Q18427125"},{"id":62026,"Name":"Villa Santa Maria","state_id":1679,"state_code":"65","state_name":"Abruzzo","country_id":107,"country_code":"IT","country_name":"Italy","latitude":"41.95130000","longitude":"14.35148000","wikiDataId":"Q18427125"},{"id":62071,"Name":"Villagrande","state_id":1679,"state_code":"65","state_name":"Abruzzo","country_id":107,"country_code":"IT","country_name":"Italy","latitude":"42.29533000","longitude":"13.29999000","wikiDataId":"Q18427129"},{"id":62075,"Name":"Villalago","state_id":1679,"state_code":"65","state_name":"Abruzzo","country_id":107,"country_code":"IT","country_name":"Italy","latitude":"41.93514000","longitude":"13.83868000","wikiDataId":"Q18496035"},{"id":62078,"Name":"Villalfonsina","state_id":1679,"state_code":"65","state_name":"Abruzzo","country_id":107,"country_code":"IT","country_name":"Italy","latitude":"42.16038000","longitude":"14.56932000","wikiDataId":"Q18455377"},{"id":62080,"Name":"Villamagna","state_id":1679,"state_code":"65","state_name":"Abruzzo","country_id":107,"country_code":"IT","country_name":"Italy","latitude":"42.32984000","longitude":"14.23689000","wikiDataId":"Q18455377"},{"id":62093,"Name":"Villanova","state_id":1679,"state_code":"65","state_name":"Abruzzo","country_id":107,"country_code":"IT","country_name":"Italy","latitude":"42.38251000","longitude":"14.12338000","wikiDataId":"Q18427644"},{"id":62145,"Name":"Villavallelonga","state_id":1679,"state_code":"65","state_name":"Abruzzo","country_id":107,"country_code":"IT","country_name":"Italy","latitude":"41.87104000","longitude":"13.62088000","wikiDataId":"Q18499108"},{"id":62151,"Name":"Villetta Barrea","state_id":1679,"state_code":"65","state_name":"Abruzzo","country_id":107,"country_code":"IT","country_name":"Italy","latitude":"41.77646000","longitude":"13.93892000","wikiDataId":"Q18496043"},{"id":62186,"Name":"Vittorito","state_id":1679,"state_code":"65","state_name":"Abruzzo","country_id":107,"country_code":"IT","country_name":"Italy","latitude":"42.12703000","longitude":"13.81670000","wikiDataId":"Q4015042"}]