[{"id":104855,"Name":"Chapeltique","state_id":4135,"state_code":"SM","state_name":"San Miguel Department","country_id":66,"country_code":"SV","country_name":"El Salvador","latitude":"13.63333000","longitude":"-88.26667000","wikiDataId":"Q3666268"},{"id":104856,"Name":"Chinameca","state_id":4135,"state_code":"SM","state_name":"San Miguel Department","country_id":66,"country_code":"SV","country_name":"El Salvador","latitude":"13.50000000","longitude":"-88.35000000","wikiDataId":"Q3674976"},{"id":104857,"Name":"Chirilagua","state_id":4135,"state_code":"SM","state_name":"San Miguel Department","country_id":66,"country_code":"SV","country_name":"El Salvador","latitude":"13.22028000","longitude":"-88.13861000","wikiDataId":"Q3675145"},{"id":104859,"Name":"Ciudad Barrios","state_id":4135,"state_code":"SM","state_name":"San Miguel Department","country_id":66,"country_code":"SV","country_name":"El Salvador","latitude":"13.76667000","longitude":"-88.26667000","wikiDataId":"Q1157078"},{"id":104871,"Name":"El Tránsito","state_id":4135,"state_code":"SM","state_name":"San Miguel Department","country_id":66,"country_code":"SV","country_name":"El Salvador","latitude":"13.35000000","longitude":"-88.35000000","wikiDataId":"Q1157240"},{"id":104886,"Name":"Lolotique","state_id":4135,"state_code":"SM","state_name":"San Miguel Department","country_id":66,"country_code":"SV","country_name":"El Salvador","latitude":"13.55000000","longitude":"-88.35000000","wikiDataId":"Q3836527"},{"id":104889,"Name":"Moncagua","state_id":4135,"state_code":"SM","state_name":"San Miguel Department","country_id":66,"country_code":"SV","country_name":"El Salvador","latitude":"13.53333000","longitude":"-88.25000000","wikiDataId":"Q3860588"},{"id":104893,"Name":"Nueva Guadalupe","state_id":4135,"state_code":"SM","state_name":"San Miguel Department","country_id":66,"country_code":"SV","country_name":"El Salvador","latitude":"13.53333000","longitude":"-88.35000000","wikiDataId":"Q3879289"},{"id":104910,"Name":"San Miguel","state_id":4135,"state_code":"SM","state_name":"San Miguel Department","country_id":66,"country_code":"SV","country_name":"El Salvador","latitude":"13.48333000","longitude":"-88.18333000","wikiDataId":"Q672458"},{"id":104913,"Name":"San Rafael Oriente","state_id":4135,"state_code":"SM","state_name":"San Miguel Department","country_id":66,"country_code":"SV","country_name":"El Salvador","latitude":"13.38333000","longitude":"-88.35000000","wikiDataId":"Q949719"},{"id":104925,"Name":"Sesori","state_id":4135,"state_code":"SM","state_name":"San Miguel Department","country_id":66,"country_code":"SV","country_name":"El Salvador","latitude":"13.71667000","longitude":"-88.36667000","wikiDataId":"Q3958151"}]